{"train": [5.809710884094239, 5.581956601142883, 5.560331425666809, 5.542113933563233, 5.538316588401795, 5.529256467819214, 5.509148573875427, 5.500372943878173, 5.495868210792541, 5.484559144973755, 5.486356086730957, 5.47132375240326, 5.473169536590576, 5.477909178733825, 5.470504665374756, 5.476012825965881, 5.478676862716675, 5.462840242385864, 5.472496190071106, 5.467881269454956], "val": [5.6469750587756815, 5.632125726112952, 5.611810244046724, 5.598476538291345, 5.5910476721250095, 5.572000393500695, 5.565314568006075, 5.564928641686072, 5.559425097245437, 5.552263975143433, 5.556148327313936, 5.5444491643172045, 5.537967425126296, 5.549964978144719, 5.542560595732469, 5.540461320143479, 5.5432871488424444, 5.538943492449247, 5.54548822916471, 5.544725289711585]}